Value,Year,Technology
1.254272445,2005,ICEV-G
1.218544014,2006,ICEV-G
1.223737515,2007,ICEV-G
1.287487707,2008,ICEV-G
1.216547701,2009,ICEV-G
1.12347373,2010,ICEV-G
1.099862176,2011,ICEV-G
1.124065427,2012,ICEV-G
1.138237765,2013,ICEV-G
1.156810291,2014,ICEV-G
1.229437978,2015,ICEV-G
1.243998841,2016,ICEV-G
1.212253836,2017,ICEV-G
