"Year","fuel","wgt_fe_combined"
2015,"Petrol",6.82847634365885
2016,"Petrol",6.82578862558042
2017,"Petrol",6.83525491717087
2018,"Petrol",6.8588430851468
2019,"Petrol",7.00866630128146
